city,lng,lat,count
北京,116.39564503787867,39.92998577808024,840
成都,104.06792346330406,30.679942845419564,291
重庆,106.53063501341296,29.54460610888615,261
昆明,102.71460113878045,25.049153100453157,238
潍坊,119.14263382297052,36.71611487305138,214
济南,117.02496706629023,36.68278472716141,212
天津,117.21081309155257,39.143929903310074,211
西安,125.15014857862096,42.98636494637781,193
乌鲁木齐,87.56498774111579,43.84038034721766,187
淄博,118.05913427786938,36.80468485421204,175
郑州,113.64964384986449,34.756610064140254,174
兰州,103.8233054407292,36.06422552504259,170
广州,113.30764967515182,23.12004910207623,151
哈尔滨,126.65771685544611,45.7732246332393,149
太原,112.5508635890553,37.89027705396754,148
烟台,121.30955503008511,37.53656156285964,146
青岛,120.38442818368189,36.10521490127382,143
长沙,112.9793527876505,28.21347823085322,134
南宁,108.29723355586638,22.80649293560261,123
贵阳,106.7091770961758,26.62990674144093,114
石家庄,114.52208184420766,38.048958314615454,113
合肥,117.28269909168304,31.86694226068694,107
泰安,117.08941491713698,36.18807775894815,103
南昌,115.89352754583604,28.689578000141147,95
杭州,120.2193754157201,30.259244461536102,81
呼和浩特,111.6603505200542,40.828318873081585,77
东营,118.61264305187912,37.408666288041196,75
临沂,118.34076823661057,35.07240907439113,73
武汉,114.31620010268132,30.58108412692075,73
长春,125.31364242720072,43.89833760709784,67
大连,121.59347778143518,38.94870993830429,66
包头,109.84623853249181,40.64711942570857,64
拉萨,91.11189089598402,29.662557062056536,63
信阳,114.0854909934702,32.128582307511664,59
沈阳,123.43279092160505,41.808644783515746,57
赤峰,118.9307611921676,42.297112320317325,56
衡水,115.68622865290865,37.74692904585666,55
威海,122.09395836580605,37.52878708125143,54
德州,116.32816136356094,37.46082592630501,54
曲阜,117.03178985127641,35.61576056625757,53
上海,121.48789948569473,31.24916171001514,52
银川,106.2064786078384,38.50262101187604,48
阜阳,115.82093225904637,32.90121133056961,48
驻马店,114.04915354745555,32.98315815409348,48
宜昌,111.31098109196083,30.73275781802591,47
厦门,118.10388604566381,24.489230612469232,47
福州,119.33022110712668,26.04712549657293,46
南京,118.77807440802562,32.05723550180587,45
菏泽,115.46335977452752,35.26244049607468,44
南阳,112.5428419005123,33.0114195691165,44
西宁,101.76792098980276,36.640738611957964,42
邯郸,114.4826939323422,36.60930792847117,41
日照,119.50717994299387,35.42022519314436,41
赣州,114.9359090792838,25.84529553634676,41
聊城,115.98686913929107,36.455828514727976,40
九江,115.99984802155373,29.71963952612237,40
邢台,114.52048681294414,37.069531196911996,39
张家口,114.89378153032918,40.81118849110306,39
柳州,109.42240181015114,24.329053352467223,39
荆州,112.09985718064648,30.396103360852894,38
枣庄,117.27930538329689,34.80788307838604,38
保定,115.49481016907626,38.88656454802744,37
唐山,118.18345059773411,39.6505309225366,37
安庆,117.0587387721073,30.537897817381097,36
天水,105.73693162285642,34.58431941886869,36
晋城,112.86733275750684,35.49983446722556,36
绵阳,104.70551897529307,31.50470125806144,36
周口,114.65410194229541,33.62374081814082,35
宝鸡,107.17064545238307,34.36408080974784,35
沧州,116.86380647644208,38.297615350325714,34
无锡,120.30545590053595,31.57003745192303,34
安阳,114.35180650767198,36.1102667221811,34
新乡,113.91269016082377,35.3072575576613,33
荣成,122.40692581531741,37.128686091876,33
滨州,117.96829241452845,37.405313941825895,32
鹤壁,114.29776983802476,35.75542587422399,32
汉中,107.04547762872542,33.08156897815767,32
丹东,124.33854311476908,40.1290228266375,31
洛阳,112.44752476895121,34.65736781765111,30
深圳,114.0259736573215,22.546053546205247,30
常州,119.98186101345706,31.771396744684242,30
承德,117.93382245583847,40.992521052457136,30
徐州,117.18810662317686,34.27155343109188,30
延吉,129.47130153101367,43.05966660114006,29
阿克苏,81.15601314780744,40.349444301112534,29
吉林,126.56454398883335,43.87198833435933,28
桂林,110.26092014748276,25.262901245955238,28
遵义,106.93126031648453,27.699961377076246,27
宁波,121.57900597258933,29.885258965918055,27
广元,105.81968693999652,32.441040158428244,27
伊宁,81.2890480714925,44.020355819309486,27
大同,124.6990773926766,46.07005100166291,26
牡丹江,129.608035395637,44.58852115278252,26
南通,120.87380095093022,32.014664540823446,25
扬州,119.42777755116975,32.40850525456844,25
玉林,110.15167631614493,22.643973608377276,25
海拉尔,120.04288208342074,49.27924545620167,24
海口,110.3308018483363,20.022071276952243,24
岳阳,113.14619551911636,29.378007075474304,23
安康,109.03804456347515,32.70437044999437,23
武威,102.64014734336779,37.933172142905626,23
许昌,113.8353124597886,34.026739588655204,23
蓟县,117.44115922145824,40.00961366062446,23
佳木斯,130.28473458595482,46.813779604740354,23
运城,111.00685365308033,35.03885947981193,22
郴州,113.03770446779562,25.782263975738925,22
温州,120.6906347337091,28.002837594041246,21
绍兴,120.59246738555154,30.00236458052847,21
滕州,117.14761619529622,35.06579087186232,21
万州,108.41343863669852,30.71005418436643,21
苏州,120.61990711548988,31.317987367952437,21
廊坊,116.70360222263986,39.51861062508462,21
衢州,118.87584165150854,28.95691044753569,21
吉安,114.99203871092017,27.113847650157084,21
武昌,114.35362228468497,30.56486029278519,20
青州,118.47018708791366,36.68058442583128,20
定州,115.0574069523237,38.46583915804824,20
余姚,121.15277918828542,29.99645671901067,20
衡阳,112.58381881071617,26.89816441535812,19
襄阳,112.25009284837394,32.22916859153757,19
库尔勒,85.70941760173511,41.705499905673676,19
大庆,125.02183973021087,46.596709020007594,19
达州,107.49497344658866,31.214198858944734,19
曲靖,103.78253888802674,25.520758142870502,19
临汾,111.53878759640808,36.09974544358536,19
盘锦,122.07322781023007,41.14124802295616,19
蚌埠,117.35707986587582,32.92949890669797,19
恩施,109.517432662322,30.30897851129638,18
泰州,119.91960601619071,32.47605327483028,18
淮安,119.31329513263806,33.52834896694177,18
文登,121.96829072765755,37.166083447280435,18
漯河,114.04606140022909,33.57627868848315,18
锦州,121.14774873823639,41.13087887591732,18
金华,119.65257570368145,29.10289910539069,17
义乌,120.06729564866686,29.30644391183944,17
铜仁,109.16855802826001,27.674902690624183,17
宜宾,104.63301906152529,28.76967479626591,17
潢川,115.16440991805027,32.132798426221996,17
长治,113.12029208572514,36.20166438574343,17
怀化,109.9869587958539,27.557482901172786,17
咸阳,108.70750927819563,34.34537299599856,16
葫芦岛,120.86075764475588,40.743029881317504,16
湖州,120.13724316328172,30.877925155690896,16
齐齐哈尔,123.9872889421725,47.34769981336638,16
大理,100.21920895421849,25.693966622473024,16
商丘,115.64188568785016,34.43858864024636,16
西昌,102.11788786037536,27.863377395840185,16
武清,117.0345779137272,39.457042575494015,16
阜新,121.66082212856833,42.01925010706022,16
株洲,113.13169534107074,27.82743292766265,16
喀什,76.01434279894337,39.51311058531203,16
芜湖,118.38410842322828,31.36601978754301,16
南充,106.10555398379239,30.800965168237234,15
延安,109.50050975696925,36.60332035226031,15
平顶山,113.30084897797529,33.74530145652439,15
秦皇岛,119.6043676161184,39.945461565897574,15
莱阳,120.75134338102879,36.905533169254866,15
通化,125.94265013851434,41.73639712986761,15
哈密,93.52937301238876,42.34446710455244,15
亳州,115.78792824511814,33.87121056530193,15
六安,116.50525268298414,31.75555835519844,15
高密,119.70251223974057,36.38731799231518,15
娄底,111.99639635657,27.741073302349072,15
十堰,110.80122891676038,32.636994339468124,14
上饶,117.95546387714894,28.457622553937274,14
济宁,116.60079762482256,35.40212166433135,14
攀枝花,101.72242315249032,26.587571257108653,14
宿州,116.9886924118307,33.63677238578078,14
胶州,119.95942122689219,36.24803145848278,14
常德,111.65371813684197,29.012148855180815,14
金昌,102.20812626259014,38.51607179953174,14
本溪,123.77806236979248,41.32583762664885,14
丽水,119.92957584318849,28.4562995521443,14
桐乡,120.49041120216108,30.61234103032807,13
宣化,115.25847218770907,40.632394360148936,13
邵阳,111.46152540355403,27.236811244922414,13
温岭,121.42104597878073,28.4005538171066,13
滁州,118.32457035097686,32.31735059538377,13
于家堡,117.69593963872306,39.00214849843348,13
通辽,122.26036326322144,43.633756072995986,13
介休,111.99518801957157,37.02547627593959,13
凯里,107.94823859488538,26.6317423326968,13
龙岩,117.01799673877318,25.07868543351518,12
鞍山,123.0077633288837,41.118743682153465,12
黄山,118.07754612726298,30.277745895120198,12
韩城,110.39377368099409,35.5827821383094,12
泉州,118.60036234322938,24.901652383991102,12
安顺,105.92826996575766,26.228594577737493,12
涿州,115.99905364071243,39.48248181057233,12
巢湖,117.88049041703327,31.608732547545824,12
铜陵,117.81942872880637,30.940929694665662,12
临河,107.44183964666986,40.93201822322359,12
渭南,109.48393269657977,34.5023579758288,12
三门峡,111.1812620932674,34.783319941049726,12
吕梁,111.14315660234801,37.52731609696258,12
曹县,115.55360067628013,34.82795276718242,12
开封,114.35164211776365,34.80185417583674,11
宁德,119.54208214971854,26.656527419158913,11
榆林,109.74592574432862,38.279439240070595,11
广安,106.75891196362113,30.59924998719945,11
张家界,110.4816201569677,29.124889353219793,11
无为,117.82005160306733,31.222493656580316,11
宣威,104.15257073219401,26.276828622628493,11
汉口,119.65118456980305,27.086013943108874,11
天门,113.12623048764767,30.649047356422365,11
阳泉,113.56923760163296,37.86952949322259,11
塘沽,117.64908144717823,39.007936142682375,11
焦作,113.21183588499157,35.234607554985935,11
三明,117.64219393404412,26.270835279362192,11
章丘,117.47047586204579,36.76330774852458,11
淮南,117.01863886329463,32.64281182374795,10
莆田,119.07773096395962,25.448450136734262,10
青州市,118.47018708791366,36.68058442583128,10
莱西,120.442831050639,36.863636936232474,10
汕头,116.72865028834109,23.383908453269196,10
兖州,116.75256014242531,35.564429514450595,10
高碑店,116.04093362477256,39.26508776483182,10
侯马,111.37150924675753,35.62178548787969,10
四平,124.39138207367984,43.17552470112557,9
鹤岗,130.29247205063453,47.33866590372683,9
江山,118.60708619901152,28.581969944140962,9
东胜,109.76441928582383,39.805585913145606,9
漳州,117.67620467894616,24.517064779808482,9
乳山,121.5297879779459,36.976575050290634,9
邹城,117.089581751128,35.35404254087785,9
陇西,104.63291319296263,35.111801691090896,9
石河子,86.04186492219485,44.308258980430466,9
任丘,116.16321405193285,38.741104641109665,9
集宁,113.11283222874056,41.02776597146905,9
景德镇,117.18652262527252,29.303562768448288,9
沭阳,118.85774971753034,34.15401365959694,9
鹰潭,117.03545018601243,28.241309597181967,9
蕲春,115.60077083530692,30.32871701174397,9
张掖,100.45989186892419,38.93932029698206,9
梧州,111.30547195007331,23.485394636734455,9
乌海,106.83199909716231,39.683177006785236,8
玉屏,108.99183003691114,27.33587099435376,8
长兴,119.81941984715448,30.98335278753511,8
镇江,119.45583540512952,32.20440944359928,8
孝感,113.93573439207124,30.927954784200963,8
江油,104.93314929992522,31.952426668806112,8
博乐,81.87428467917839,44.844209020588075,8
即墨,120.52110561990881,36.48790860159858,8
嘉兴,120.76042769895746,30.77399223958183,8
乐山,103.76082423877176,29.600957611095073,8
珠海,113.56244702618993,22.25691464612574,8
石门,111.04428685664897,29.801742760215244,8
高平,112.93511535361624,35.809742457990794,8
朝阳,116.52169489108084,39.95895316640668,8
百色,106.63182140365117,23.901512367910115,8
瓦房店,121.7906987887405,39.70895639618986,8
韶关,113.5944611074356,24.80296031189189,8
静海,116.98682530718416,38.837510804606694,8
麻城,115.08971464086959,31.217943121812862,8
商河,117.20871442383435,37.32594723868996,8
东莞,113.76343399075655,23.043023815368237,8
内江,105.07305599171474,29.599461534774647,7
诸暨,120.28143440994458,29.69939951698114,7
池州,117.49447677159357,30.660019248160626,7
诸城,119.41616966207869,36.01665753337769,7
苍南,120.44554278341076,27.434436382653455,7
库车,83.4598067826727,41.78193289277602,7
弋阳,117.41664984163721,28.452236031908882,7
白城,122.84077667910014,45.621086275218886,7
乌拉特前旗,109.10529705882409,40.90599326088688,7
北海,109.12262791919323,21.472718235009687,7
营口,122.23339137079269,40.66865106647352,7
桐城,116.95355904596255,30.97256797210734,7
定边,107.75429308030043,37.388791134451644,7
三亚,109.52277128135884,18.257775914897483,7
绥德,110.39614377168353,37.52086133341383,7
吉首,109.77092578557932,28.317142599326463,7
清河城,124.2757801644583,42.50855704819172,7
朔州,112.47992772666272,39.33767196622064,7
泾县,118.37604020628753,30.599286819491837,7
益阳,112.36654664522563,28.58808777988717,7
太谷,112.73643253248883,37.407696414458925,6
台州,121.44061293593727,28.668283285674367,6
德阳,104.40239781824484,31.131139652701417,6
萍乡,113.85991703300718,27.639544222952306,6
乌兰浩特,122.08153380950299,46.11694357016496,6
隆昌,105.25295771713975,29.36786874915794,6
阿图什,76.86715402185523,40.131229698740405,6
遂宁,105.56488779226322,30.55749135037996,6
奎屯,85.01393440151206,44.55955677899691,6
牟平,121.5692400515546,37.272445856085255,6
虎门,112.08725257929449,21.788415503447272,6
新县,114.85908905243073,31.646279005794355,6
鸡西,130.94176727325066,45.32153988655108,6
潜江,112.76876801685833,30.34311579260133,6
酒泉,98.50841450616744,39.74147376815896,6
忻州,112.72793882880985,38.46103057295889,6
井冈山,114.12543918071499,26.633149538062607,6
瑞金,115.98586699622393,25.921831361760326,6
昭通,103.72502065573349,27.340632963635457,6
盐城,120.14887181793894,33.379861877120995,6
霸州,116.5743059897649,39.10932007905548,6
梅河口,125.72351563218488,42.54264989265649,6
绥化,126.98909457163498,46.64606392699692,6
海阳,121.11361421128213,36.861587988875065,6
焉耆,86.07606847595015,42.09610370793745,6
那曲,92.06701836885875,31.480679830119627,6
燕郊,116.8917555482995,39.95649372151026,6
贵港,109.61370755657885,23.10337316440881,6
宜春,114.40003867155777,27.811129895842885,6
济源,112.40383005708094,35.09389309450756,5
天柱山,117.90279634728589,24.62080618389086,5
永川,105.88035760367573,29.29648764699071,5
惠州,114.41065807997101,23.11353985240842,5
鳌江,119.49291291256117,26.227722416033426,5
荆门,112.21733029896677,31.04261120294864,5
民权,115.17841405829013,34.69611652432266,5
嘉峪关,98.281634585257,39.80239732673353,5
九台,125.96882675838017,44.194372106981,5
甘谷,105.27453175251577,34.809420550799004,5
阳信,117.57342951075837,37.605500456411555,5
万源,107.99381097492879,31.986241088206395,5
辽源,125.13368605218399,42.923302619053665,5
诏安,117.1329419569669,23.874040725389637,5
郓城,115.8946323524563,35.61297951972669,5
淮北,116.79144742863005,33.96002330536412,5
肃宁,115.88581610558234,38.42220712282884,5
长汀,116.37188399052417,25.69695849547561,5
锡林浩特,116.13694826431457,44.07896112909946,5
永州,111.61464768615666,26.435971646759207,5
六盘水,104.85208676006856,26.59186606031868,5
连云港,119.17387221741889,34.60154896700999,5
福清,119.37754701318562,25.638120577122187,5
滦县,118.58377725189884,39.785508848228524,5
峨眉,109.33593712009724,22.49546949018848,5
沙城,120.81245798625179,27.888166569727723,5
兴国,115.4465072581216,26.42520060132647,5
巴中,106.75791584175442,31.869189159159983,5
巴楚,78.90713899545392,39.6181074998455,5
泰山,117.18390217966451,36.21545724131077,5
玉溪,102.54506789248256,24.370447134438425,5
贺州,111.5525941788367,24.41105354711281,5
平凉,106.68891115654719,35.550110190016646,5
邓州,112.05686057639942,32.684649552172985,5
平遥,112.26549326017494,37.14808977846167,5
隆化,117.56992967904758,41.517994972230575,5
重庆北,106.53063501341296,29.54460610888615,5
太湖,116.18253924826962,30.5010996650404,5
神木,110.33126976909105,38.82903586595584,5
洪洞,111.65937789134962,36.32551418032607,5
辽阳,123.17245120514733,41.27333926556943,4
下花园,115.35049833098363,40.56883692865251,4
东台,120.5637694714376,32.79144254828859,4
武夷山,118.01154264631502,27.748135171112096,4
福安,119.65627713286024,27.05589671479905,4
临清,115.78260175172889,36.78206947311332,4
抚州,116.36091886693136,27.954545170269935,4
楚雄,101.3286379991764,24.880252472650806,4
三河县,117.02128418408721,39.96742764877024,4
文水,111.96499464977616,37.459705909704425,4
日喀则,88.95606277351817,29.26816003265482,4
新化,111.24684472008677,27.873272599438792,4
杨陵,108.05873803757561,34.290198720106446,4
秀山,109.02532125367753,28.498315398405296,4
晋江,118.55865054225015,24.72963829769785,4
梁山,116.12480570072432,35.80160624971607,4
肇庆,112.4796533699162,23.078663282928925,4
费县,117.98583765074815,35.25497079311155,4
新余,114.9471174167892,27.82232155862896,4
中卫,105.19675419935521,37.52112419159455,4
晋中,112.73851439991773,37.69336152679759,4
醴陵,113.47062497305373,27.66227857387793,4
扎兰屯,121.92920216562221,47.743403383099974,4
平南南,110.41260119285069,23.53868288368454,4
西乡,107.7537124143854,32.89490280165655,4
茂名,110.93124533067585,21.66822571882161,4
自贡,104.77607133936438,29.359156889475667,4
韶山,112.53309503972456,27.927332779842192,4
濮阳,115.02662744067226,35.75329788820758,4
宣城,118.75209631098257,30.951642354295757,4
澧县,111.70770306732227,29.750168137633175,4
靖边,108.8132592546222,37.48421580549166,4
华山,116.95053137014742,24.09252279857813,4
莒南,118.89007890267528,35.21312322003471,4
滦平,117.36956340989389,40.924820741760996,4
霍州,111.83083562619586,36.59967782911543,4
湘潭,112.93555563303435,27.83509505297878,4
叶城,77.2236309152455,36.99301396190364,4
叶柏寿,119.65606352618298,41.40817192288826,4
渑池,111.80253536997749,34.83969142922378,4
和田,79.91581373103855,37.15334973968139,4
嘉善,120.9088728159654,30.905748069187133,4
涪陵,107.34079973802694,29.66467054055969,4
海石湾,102.87062810241994,36.349144564469235,4
城固,107.26083703888702,33.22358282738842,4
巨野,116.0411312218538,35.279400360462056,4
河津,110.70853926352623,35.63189104909055,4
汝州,112.81271748030389,34.16277754545299,4
瑞安,120.46834036334504,27.829230528329532,4
慈利,110.93620035369767,29.39769277103526,4
于都,115.50889266701078,25.93677166072324,4
五原,108.07228406064701,41.04542666481667,4
徽县,106.0333170396453,33.89285120443273,4
白山,126.43579767534614,41.94585939701795,4
都匀,107.47755892677523,26.153657135480728,4
开原,124.28377598099235,42.47122328912789,4
建水,102.88967448621588,23.68391397560679,4
彭水,108.27286773419205,29.359628264893676,4
珲春,130.70236659183635,43.07471934073669,4
永济,110.48894872130789,34.89467151075451,4
公主岭,124.68588222069599,43.79182606757778,4
克拉玛依,84.92698963494786,45.20391924603892,4
鄂尔多斯,109.99370625145134,39.81648956060153,4
酉阳,108.80680823732504,28.90527766239135,4
灵宝,110.77973742779321,34.437104010525125,3
玉田,117.73475264490037,39.81884335578796,3
蒙自,103.51669152582932,23.338656934664055,3
衡山,112.7196300203622,27.28191237682782,3
涟源,111.79458146238385,27.743727453351454,3
桃村,110.7530153014798,36.12430302332448,3
芦台,117.83195389236255,39.33432833068875,3
武义,119.72083317224252,28.774055561598235,3
白河,109.91837503137312,32.72986467139815,3
淮滨,115.32456065214419,32.4465735490796,3
精河,82.92236170099183,44.55756845450912,3
永康,120.10868352215253,28.940176566982796,3
福海,88.05087055348731,46.391693535493246,3
泊头,116.38923597744922,38.090278710884434,3
泽普,77.22640823890102,38.12255269910619,3
榆次,112.8437365271623,37.65082468905364,3
梅州,116.12640309836864,24.30457060603053,3
佛山,113.1340256353934,23.035094840514382,3
黄石,115.05068316392396,30.21612712771406,3
山海关,119.71361557969767,40.03289962810107,3
金寨,115.77931490356178,31.47909281966015,3
合浦,109.33539345630534,21.740444343773916,3
巩义,113.03959002892162,34.703798883243074,3
师宗,104.12947917517464,24.68019802556553,3
台前,115.88573804862578,35.96638912657204,3
随州,113.37935836429192,31.717857608188574,3
乐清,121.01617490317571,28.2618389887699,3
建瓯,118.48514716959122,27.044913662798578,3
平泉,118.73932350857935,41.07530376870277,3
原平,112.68212831914165,38.83887617274653,3
广德,119.36471289715527,30.893949749016134,3
丰都,107.8375173642987,29.890595717682068,3
鄯善,90.6559041201318,42.38370438347392,3
建始,109.93959920980721,30.578575985622745,3
黄州,114.94956939747928,30.518802478735637,3
尼勒克,83.23110039646029,43.81673094906465,3
东安,129.8604467574942,44.40840449937744,3
黔江,108.71480796401747,29.44098103358439,3
宿松,116.25351835627968,30.10821663508268,3
天义,120.85869935734087,40.75020158786185,3
临海,121.22191927301837,28.857388590573088,3
图们,129.8343107602306,43.03054892372987,3
固安,116.28967015726496,39.35110594099413,3
婺源,117.78748504184291,29.327231721147932,3
固原,106.28526799598252,36.02152348070926,3
四合永,116.28046547318645,40.13401296746962,3
丰台,116.2583703354677,39.84193785220474,3
长寿,107.1466153713222,29.960491355030268,3
嘉祥,116.30729105899024,35.434199027209324,3
中山,121.67796628922625,38.900436431991984,3
咸宁,114.30006059206065,29.88065675772815,3
和硕,87.58871647732528,42.1410760673274,3
丽江,100.22962839887937,26.875351089481363,3
铁岭,123.85484961461594,42.29975701212545,3
霍林郭勒,119.57974844021628,45.528106056329776,3
即墨北,120.52110561990881,36.48790860159858,3
旬阳,109.42357994353087,32.902076990198,3
二连浩特,111.9661784137779,43.4177804582257,3
敦煌,94.15804176645081,40.38877149934441,3
兴义,104.85783724276915,25.002543765436346,3
马鞍山,118.515881846623,31.688528158880025,3
北屯,87.93773812878268,47.27959189346318,3
饶阳,115.74000746167843,38.2230592410421,3
上海虹桥,121.3369687810281,31.230824701233697,3
昆山,120.96580778410554,31.32893679549736,3
南京南,118.77807440802562,32.05723550180587,3
辛集,115.29874950520801,37.924121876409345,3
兴安,130.2443753363412,47.233710065720295,3
新干,115.5068393538078,27.7385799192104,3
德清,120.0498313898519,30.56758288104248,3
普兰店,122.21603953088392,39.651792833683544,3
松江河,127.8595633103331,42.78803645005073,3
牙克石,121.51266780551569,49.32999593959703,2
白银西,104.20564932849953,36.501821828710106,2
商南,110.76653283748148,33.411702755167845,2
阳泉北,113.56923760163296,37.86952949322259,2
兴宁,108.41762068739072,22.924530825242623,2
略阳,106.16283351203505,33.38537353380397,2
商洛,109.93420815379513,33.87390739508516,2
独山,107.56375230977895,25.636840589582594,2
田东,107.19163711740768,23.614585367816996,2
茶陵,113.6524812712031,26.806729309467293,2
鲁山,112.74030934124376,33.74869738819129,2
防城港,108.35179115286083,21.61739847047181,2
高安,115.30448193078216,28.36523180795649,2
琼海,110.41435935151284,19.21483036861679,2
临泽,100.19122429387708,39.34703167444593,2
海安,120.47392692165361,32.553985066143284,2
大方,105.73720221998492,27.253059626031487,2
冷水江,111.49394197481614,27.684914712556072,2
清河,124.2757801644583,42.50855704819172,2
枣强,115.75767748261335,37.461024106053756,2
眉山,103.84142956286796,30.06111507994454,2
满洲里,117.60368677619397,49.500031717154286,2
滨海,120.02660867811394,34.09231717639178,2
博兴,118.22571531704675,37.191353845809594,2
溧阳,119.38283894830988,31.42524193101212,2
莎车,77.0148331640723,38.322587836687376,2
南丰,116.50036153347828,27.114896155720853,2
青铜峡,105.96146159918376,37.94212474288449,2
湘乡,112.35516854770837,27.77667974388013,2
云霄,117.33811055639565,23.98492459087065,2
北戴河,119.47932079421292,39.854292584186524,2
叙永,105.46859233328205,28.099206628495736,2
北安,127.11154600578443,48.11594572395296,2
渠县,106.98760176611911,30.948814160650215,2
利津南,118.40033677253352,37.655326413662806,2
利川,108.82709975352698,30.239967021929914,2
白山市,126.43579767534614,41.94585939701795,2
盐池,107.04976116152339,37.625336523187585,2
乌鲁木齐南,87.56498774111579,43.84038034721766,2
南陵,118.28821596372245,30.895981862699717,2
五莲,119.24943283239615,35.744382733587585,2
深州,115.58669880842099,37.95701286270159,2
丰镇,113.30867650253073,40.558336025296484,2
阿克陶,75.25863811178208,38.63249432799387,2
大杨树,115.47270351635737,38.88240682211786,2
平顶山西,113.30084897797529,33.74530145652439,2
鄂州,114.89559404135665,30.384439322752247,2
永修,115.74247538365522,29.14131062324219,2
海伦,126.89712924927524,47.44726960483674,2
福鼎,120.19830746411914,27.224828701233616,2
禹城,116.58133068117093,36.91914288959309,2
德保,106.59428466727724,23.38221450982587,2
怀集,112.18024001499298,23.974272952942318,2
上虞,120.8798664265133,30.00645910703046,2
秦安,105.69804091113788,34.95349991991774,2
恭城,110.9094473233273,24.949325584116984,2
邵东,111.85672034136176,27.1936536894769,2
惠安,118.80947288339323,24.991871443314984,2
抚顺,123.92981976705381,41.8773038295909,2
文山,104.03093981246279,23.416009535072305,2
樟树,115.42134592030548,28.002513613496202,2
新和,81.98521627667363,41.3656997036357,2
贵阳北,106.7091770961758,26.62990674144093,2
新晃,109.16874105929666,27.23450910911213,2
梁平,107.72542817192878,30.66436343528977,2
三河,117.02128418408721,39.96742764877024,2
桦南,130.6370154209587,46.306671717134314,2
桑根达来,109.68086206912255,42.207108995200656,2
普者黑,104.13047581156435,24.119211322138526,2
迁安,118.68695461732042,40.04044251326034,2
松原,124.83299453234117,45.136048970084005,2
米易,102.00072626456326,26.932749356485356,2
资阳,112.34312135278857,28.69406942889747,2
柴沟堡,114.4268933499956,40.67656937927395,2
柳林,110.87692675414752,37.403754146297516,2
府谷,110.86693418361835,39.18727246627244,2
讷河,125.07655310393982,48.48145338881144,2
宁明,107.29465888576985,22.005062342038638,2
钟祥,112.58482623118623,31.244981073963892,2
耒阳,112.9215515180963,26.42399279341667,2
太原南,112.5508635890553,37.89027705396754,2
奉化,121.42129377822225,29.60351955274471,2
嫩江,125.7712750896317,49.621866015064384,2
镇远,108.47588809326766,27.12162959684439,2
泸州,105.44397028920636,28.895929803860103,2
祁阳,111.97259355447459,26.460846002508074,2
平邑,117.68244768553613,35.434249996000986,2
绩溪县,118.66377687789947,30.16240108114428,2
定西,104.62663760066474,35.586056241828416,2
宜州,108.54655227960491,24.481176748089286,2
钦州,108.6387980564235,21.973350465312727,2
如皋,120.58014398499533,32.2736162726057,2
尚志,128.31617023053957,45.08389301111806,2
沂水,118.60935780958131,35.91436862936633,2
平昌,107.1673574997565,31.59771477028039,2
平原,116.43007889017849,37.156617614138355,2
常州北,119.98186101345706,31.771396744684242,2
江门,113.07812534115365,22.57511678345104,2
江华,111.75249569192155,24.97764212279621,2
峨眉山,103.40091230855559,29.50700404085018,2
沙河,114.28309250178685,36.93863545934609,2
舒兰,127.11677230894627,44.33546514415817,1
罗平,104.34927875646206,24.983157127291246,1
龙海,117.80759027663238,24.398816824822557,1
龙江,123.08910277314848,47.25889503104764,1
黄口,119.07964014908332,39.40506863778269,1
苍溪,106.11328295035729,31.918551658673035,1
龙川,115.36229172073537,24.334679775760726,1
鲅鱼圈,122.17689658107587,40.2525844844599,1
鹤庆,100.2771745015428,26.335453610599846,1
罗湖,114.15639529324217,22.58193447884779,1
绩溪,118.66377687789947,30.16240108114428,1
龙口,120.5227995064041,37.61040128167655,1
黄冈,114.9066180465751,30.446108937901133,1
高邑,114.60738469340112,37.62265087075653,1
黑河,127.50083029523519,50.250690090738274,1
缙云,120.19188183536475,28.666326291230707,1
黎平,109.07459054884923,26.157513516968482,1
鹰手营子,117.6615540506832,40.553210242004,1
龙南,114.73182493834003,24.77270619858914,1
绥棱,127.71941343153793,47.584142706970724,1
绥芬河,131.102456532855,44.40800517458697,1
黄村,114.72843047642958,36.24491164822494,1
赤峰市,118.9307611921676,42.297112320317325,1
高台,99.60752137380483,39.54167477274971,1
西林,129.22725517858797,47.50096203814344,1
虎林,133.12110607260752,45.997276203515085,1
长庆桥,120.72386168988544,31.164334797039736,1
蚌埠南,117.35707986587582,32.92949890669797,1
蛟河,127.35174186542181,43.716756082246306,1
融水,109.05786347352917,25.343698638546847,1
镇赉,123.45227210722489,45.95617192379575,1
镇安,109.07737051731597,33.380938764863316,1
铁力,128.55251746526525,46.86632868237623,1
襄樊,112.17632579650555,32.094933645820944,1
金罗,114.58251813663004,30.526441057164064,1
金城江,107.87344356952086,24.66076206943251,1
都江堰,103.63734201320867,31.039123659727668,1
蔡家坡,118.12458664543911,24.44026193064773,1
郯城,118.3244306584074,34.64985505351179,1
谷城,111.49595776172735,32.17345155939248,1
贵定,107.20390365281358,26.433663747077368,1
邵武,117.4805722285434,27.23519706961062,1
通渭,105.19397766216413,35.21347376285099,1
连云港东,119.17387221741889,34.60154896700999,1
资中,104.80746566887902,29.81383623500208,1
越西,102.62868133559736,28.592190495109417,1
赶水,106.72706496395953,28.747751473853942,1
赤壁,113.88916760652864,29.74256074103552,1
长沙南,112.9793527876505,28.21347823085322,1
蓬安,106.4289173352123,31.007075500318262,1
英吉沙,76.36870851197426,38.800015263145475,1
青县,116.85123400251861,38.56577832855556,1
马兰,113.28237171204177,23.07932605598971,1
香河,117.05130555355426,39.74310003286535,1
饶河,133.7292586824959,47.07262854285675,1
顺德,113.18702987687799,22.848510084787446,1
顺义,116.72822904528138,40.154951470441354,1
项城,114.89338047632585,33.27447032279819,1
鞍山市,123.0077633288837,41.118743682153465,1
草海,102.64723536798147,25.0080804509926,1
靖西,106.32109506453793,23.149605901750473,1
靖州,109.59083349436459,26.550430723333214,1
青田,120.14673815821568,28.20842862351486,1
霍邱,116.17352091074682,32.201507325966666,1
蒲城,109.62824611949353,34.96769665054483,1
莱芜,117.68466691247161,36.23365413364694,1
霍尔果斯,80.4721513911288,44.45251977323308,1
集宁南,113.11283222874056,41.02776597146905,1
获嘉,113.65196887023447,35.20348055884318,1
陵水,109.9486607100433,18.575984851565984,1
阿里河,101.1577500356479,22.61490495745747,1
菜园坝,103.64225504548274,30.893001512717397,1
阿城,127.12462182331598,45.55733518920172,1
阳谷,115.87350298471966,36.146774001697445,1
阳新,115.1404926264815,29.828087088128697,1
阆中,106.07809314825234,31.60211734888562,1
绥中,120.02630174191806,40.30512900582333,1
七台河,131.0190480471218,45.77500536864039,1
红安八里,114.62811879353431,31.29012275322974,1
大连北,121.59347778143518,38.94870993830429,1
大石桥,122.57155106236407,40.64691545187715,1
大悟,114.31029950548893,31.578255248409686,1
大安,104.87756638737571,29.411547695332803,1
大余,114.36649000169253,25.448471674289998,1
墨玉,80.04714811107168,38.384224145852976,1
图门,115.03759804971288,44.68693630526289,1
固始,115.70974321124666,32.136943904850405,1
商都,113.62215528367015,41.72651685156371,1
呼伦贝尔,119.76082179399947,49.201636054604336,1
吴桥,116.50803340730387,37.66186347209427,1
启东,121.67882229665138,31.87130183838319,1
同江,133.2733283638191,47.833684686563714,1
吉林市,126.56454398883335,43.87198833435933,1
吉文,121.48131346901776,31.252956053300096,1
合肥南,117.28269909168304,31.86694226068694,1
合川,106.31802875449188,30.11870826013412,1
古田,118.87954004138562,26.618899035407885,1
古浪,103.34292346491078,37.53127171136387,1
双鸭山,131.1714017395816,46.65510206248248,1
双城堡,122.58397168612761,45.404371858137836,1
厦门高崎,118.1170337726629,24.55435827488453,1
卫辉,114.07811240388993,35.49957207926647,1
南靖,117.29305472699474,24.668805586955994,1
大营镇,115.73212796819539,37.31075305047869,1
大雁,120.59133434307782,49.25306916165305,1
南平,118.18188294866125,26.643626474197838,1
天镇,114.16812988719342,40.403528534338385,1
庄河,122.9341452670001,39.85890978417193,1
广水,113.81261910548936,31.682325023049867,1
广州南,113.30764967515182,23.12004910207623,1
平陆,111.25110932093526,34.88864577444809,1
平安,102.00299964296364,36.410605515699,1
平南,110.41260119285069,23.53868288368454,1
崇左,107.35732203836824,22.415455296546437,1
小榄,114.02641850539634,22.37331435687135,1
寿阳,113.14161086395431,37.82511891440681,1
寿光,118.8525335212366,37.029891849505624,1
富锦,132.5390013562904,47.17067254824362,1
富裕,124.57174679758903,47.66582009392044,1
宣汉,107.93603281987554,31.519797624949838,1
宝清,132.40927864827174,46.40938321271702,1
宝丰,113.03577147499334,33.91549734744609,1
宜兴,119.79026529658498,31.362244911878832,1
定远,117.66596452496591,32.473258599425385,1
定南,115.09388033666131,24.82416039624735,1
安阳东,114.35180650767198,36.1102667221811,1
安图,128.4376516920773,42.701033019189516,1
宁安,129.21531714200626,44.058017259882796,1
宁国,118.9970245259805,30.502936034942636,1
宁化,116.67811816013383,26.310073098847635,1
孙吴,127.31667232078964,49.37065553947365,1
南芬,123.82788014761208,41.12271622099884,1
南岔,129.53887412610146,46.964156236683976,1
繁昌西,118.2001179722037,31.12832958697044,1
余姚北,121.15277918828542,29.99645671901067,1
伊春,128.9005796425911,47.741959238189104,1
代县,113.05058168824989,39.09319722406683,1
仙游,118.70462563885148,25.46825833639587,1
仙桃西,113.38744819357841,30.293966004922325,1
仙桃,113.38744819357841,30.293966004922325,1
京山,113.11226093659681,31.085751895571967,1
交城,111.81992715422206,37.68704558482044,1
井陉,114.07795206334612,38.00089081581098,1
五元,100.22130988324945,26.95976051231608,1
云南,101.59295163700766,24.86421279548333,1
二连,122.78332774117628,45.46662641868275,1
乐陵,117.14555333466174,37.674416911053804,1
乐都,102.45288779665667,36.53526645107897,1
乐亭,118.93994305703049,39.35722889189613,1
乌兰察布,113.11284639067514,41.02236294675116,1
丹阳,119.64430350829022,31.96026345508341,1
东至,117.00682739943993,30.03406990687072,1
东方,108.85100963157022,18.99816086121773,1
东光,116.67783233647565,37.88745160368844,1
东乡,116.60784526239873,28.267451879894224,1
东丰,125.45480890407713,42.68393389598205,1
三汇镇,106.62219705696666,30.09854318645195,1
三明北,117.64219393404412,26.270835279362192,1
万年,117.01441274225478,28.703236407928657,1
会同,109.80994541410043,26.91413637393793,1
侯马西,111.37150924675753,35.62178548787969,1
南宫,115.47940958600971,37.28642741327499,1
保定东,115.49481016907626,38.88656454802744,1
南城,116.68173230037965,27.51896617645848,1
南召,112.39366620513732,33.47284157696481,1
南丹,107.46800068752924,25.11943883054002,1
北道,126.13164785338725,43.69038553611206,1
北碚,106.52034245432448,29.866596066865153,1
北流,110.46705456425738,22.528890370521996,1
勃利,130.8181694029228,45.930545419105634,1
加格达奇,119.78538128698132,49.232052278148394,1
凯里南,107.94823859488538,26.6317423326968,1
凤城东,124.07296025051131,40.57957030665949,1
凤城,124.07296025051131,40.57957030665949,1
凌源,119.2715431268339,40.9818011283523,1
冷水滩,111.62158556909958,26.56038167783379,1
冷水江东,111.49394197481614,27.684914712556072,1
冶金,111.62927138120986,26.196282165783643,1
内乡,111.8474050987038,33.22437717624125,1
兴县,111.06931108239739,38.39226258394571,1
兴义顶校,104.85783724276915,25.002543765436346,1
兰溪,119.53333759742226,29.284102536325353,1
兰州东,103.8233054407292,36.06422552504259,1
六水盘,106.25881141779533,24.010928405343265,1
公营子,119.85225352771474,41.361715583278965,1
光山,114.84316193505083,31.94143172235141,1
偃师,112.73482167429046,34.630801858345976,1
信丰,114.98179982407585,25.286018342725203,1
应城,113.55644020385127,30.925709286686835,1
康巴什,109.8408756935125,39.640791926893456,1
建宁,116.79307136803553,26.817741252365053,1
漳浦,117.69145555573833,24.134610348851826,1
滨海北,120.02660867811394,34.09231717639178,1
源潭,112.98492759888084,23.273129851038348,1
溆浦,110.65858111746535,27.835909943859672,1
湛江,110.36506726285033,21.257463103764316,1
渭南北,109.48393269657977,34.5023579758288,1
渝北,106.75379853119536,29.816264082426493,1
深圳北,114.0259736573215,22.546053546205247,1
涵江,119.07903889678174,25.60474172485709,1
涞源,114.73045121001118,39.3669367870307,1
涉县,113.74291352234147,36.5981045355726,1
海门,121.31247014367143,31.956038868177135,1
海安县,120.47392692165361,32.553985066143284,1
海宁,120.61872710777868,30.442176799316616,1
海城,109.16534360380628,21.518620780284564,1
海口东,110.3308018483363,20.022071276952243,1
浙江,119.95720242066378,29.159494120760925,1
浑江,126.39664287376053,41.79164222825484,1
洮南,122.45367732552191,45.475604304499434,1
洪山,114.43389643664298,30.54362328175047,1
洛阳龙门,112.44752476895121,34.65736781765111,1
洋河,119.0876177847241,40.012448974220504,1
泰来,123.55804791893475,46.60329011142219,1
泗阳,118.65694128684599,33.708800542073895,1
泗水,117.34526415391191,35.64074066621296,1
漯河西,114.04606140022909,33.57627868848315,1
潮汕,113.16348240524292,22.98582554425155,1
建阳,118.09503169528891,27.422984908609543,1
潼关,110.29554551612547,34.507137056056706,1
紫荆关,106.72515912527831,27.359108466106765,1
穆棱,130.39552588753426,44.57686985532068,1
稷山,110.96512183757373,35.59826692410956,1
禄丰,102.02612983069093,25.18581898751634,1
祥云,100.77807073661779,25.51667329285465,1
祁门,117.60052812882222,29.873705688291725,1
祁县,112.46906595172106,37.29219808662871,1
磐石,126.17462779101467,43.0574561133298,1
砀山,116.4202822720679,34.4540572423079,1
石门县,111.04428685664897,29.801742760215244,1
石泉,108.25051841166801,33.065316023116026,1
石柱,108.3048904279275,30.09963694415459,1
石嘴山,106.37933720152914,39.02022328360303,1
眉山东,103.84142956286796,30.06111507994454,1
白音胡硕,116.48936376503904,43.87056011890201,1
白银市,104.171240903737,36.54668170616305,1
白银,104.20564932849953,36.501821828710106,1
白洋淀,116.52226947380211,40.10763130913379,1
白沟,116.01715011972692,39.18395691106342,1
瓜州,95.80471282523881,40.734286870761245,1
瑞昌,115.45968602846516,29.62854462548317,1
玛纳斯,86.13766885925838,44.503551752404,1
炎陵,113.85053602814018,26.382712485446305,1
灵石,111.73550355034705,36.834487193362,1
灵武,106.53199999228757,37.93517481216924,1
泗县,117.8903589738772,33.54434653736182,1
沿河,108.34424506671716,28.62426858568861,1
沾化,118.05636772416993,37.86831249790947,1
沧州西,116.86380647644208,38.297615350325714,1
来宾,109.23181650474223,23.741165926514817,1
望江,116.68809225223671,30.242568216533904,1
曲阜东,117.03178985127641,35.61576056625757,1
景泰,104.06166772083874,37.146078963930044,1
普宁,116.07816590835328,23.28895358314155,1
昌黎,119.09462149738174,39.63802116472844,1
昌乐,118.91391393621471,36.53553205269824,1
昆阳,102.60175573116265,24.672660889054274,1
无锡东,120.30545590053595,31.57003745192303,1
新青,129.78735692847343,48.216126405552465,1
新疆,85.61489933833856,42.127000957642366,1
新沂,118.34412147229202,34.284442736534004,1
新会,113.03475113289723,22.388215069639983,1
敦化,128.23949928010674,43.5602018380768,1
揭阳,116.37950085538243,23.547999466926136,1
惠农,106.61377347013169,39.108073765064326,1
息烽,106.68198036543086,27.150807565920672,1
怀柔,116.59340835643431,40.63813934031092,1
怀仁,113.11230462343235,39.79357083603243,1
德惠,125.76904438894972,44.51050714691595,1
徐家店,118.59845404238828,40.69873812623691,1
当阳,111.84271236768596,30.825538036112967,1
张家口南,114.89378153032918,40.81118849110306,1
开阳,107.04688065584989,27.07542730785657,1
开通,108.05670419245898,24.89625033164812,1
杨村,107.51530486795873,35.1365554022567,1
松山,118.75710571165897,42.26875301528874,1
武胜,106.23136624407232,30.373904543992772,1
沙河市,114.28309250178685,36.93863545934609,1
沂南,118.41758556843439,35.536723374853175,1
汉川,113.68167835943063,30.622039213975643,1
永城,116.3307751579138,33.972013062907585,1
永嘉,120.66880872171774,28.336390468031475,1
水富,104.22883253660663,28.510929836358752,1
水家湖,117.1770359060719,32.483902246051564,1
民乐,100.79842929870361,38.473163420727644,1
毕节,105.33332337116845,27.408562131330886,1
武隆,107.66182194246005,29.353344065545144,1
武陟,113.39993452059456,35.05733226936335,1
正定,114.570201323482,38.22707253547888,1
松河,108.39745826007041,32.64938495551847,1
樟木头,113.79799306224001,23.872670602755505,1
榆树,126.60250076501057,44.879422926679325,1
梧州南,111.30547195007331,23.485394636734455,1
万宁,110.29250485723853,18.839885909176672,1
桂平,110.08711890997465,23.333280617300463,1
格尔木,92.7016667522756,35.580972291411406,1
柳林南,110.87692675414752,37.403754146297516,1
柳园,116.59034735565535,39.45854073401676,1
枝江北,111.72856708021362,30.45176663503805,1
林口,130.02318050894667,45.39610173257094,1
林东,118.70457871628571,32.30349168355469,1
龙游,119.19866420604271,28.997079389241737,1
